
INSERT INTO "auth"."audit_log_entries" ("instance_id", "id", "payload", "created_at", "ip_address") VALUES
	('00000000-0000-0000-0000-000000000000', 'ec7b31b5-31a8-4837-bfce-0365233d0fad', '{"action":"user_signedup","actor_id":"00000000-0000-0000-0000-000000000000","actor_username":"service_role","actor_via_sso":false,"log_type":"team","traits":{"provider":"email","user_email":"user@example.com","user_id":"d9c61b4e-da48-47d5-b189-e293884c7622","user_phone":""}}', '2026-01-13 12:30:11.993505+00', ''),
	('00000000-0000-0000-0000-000000000000', '163b50d6-dd1b-4acf-b1ef-9bb9336b59ab', '{"action":"user_signedup","actor_id":"00000000-0000-0000-0000-000000000000","actor_username":"service_role","actor_via_sso":false,"log_type":"team","traits":{"provider":"email","user_email":"alfredo@example.com","user_id":"fa34835b-2947-489a-8ef7-119898de3916","user_phone":""}}', '2026-01-22 19:05:03.664445+00', ''),
	('00000000-0000-0000-0000-000000000000', '956d968c-b86f-400c-b90c-c3fbca0e9a6d', '{"action":"login","actor_id":"fa34835b-2947-489a-8ef7-119898de3916","actor_username":"alfredo@example.com","actor_via_sso":false,"log_type":"account","traits":{"provider":"email"}}', '2026-01-22 19:10:37.801132+00', ''),
	('00000000-0000-0000-0000-000000000000', '9c746b73-e4a6-4dc2-809c-9620b4604d40', '{"action":"logout","actor_id":"fa34835b-2947-489a-8ef7-119898de3916","actor_username":"alfredo@example.com","actor_via_sso":false,"log_type":"account"}', '2026-01-22 19:11:39.693774+00', ''),
	('00000000-0000-0000-0000-000000000000', 'ccd81b2d-3b6d-4b15-bc97-b1413a65e32b', '{"action":"login","actor_id":"d9c61b4e-da48-47d5-b189-e293884c7622","actor_username":"user@example.com","actor_via_sso":false,"log_type":"account","traits":{"provider":"email"}}', '2026-01-22 19:11:45.994857+00', '');


INSERT INTO "auth"."users" ("instance_id", "id", "aud", "role", "email", "encrypted_password", "email_confirmed_at", "invited_at", "confirmation_token", "confirmation_sent_at", "recovery_token", "recovery_sent_at", "email_change_token_new", "email_change", "email_change_sent_at", "last_sign_in_at", "raw_app_meta_data", "raw_user_meta_data", "is_super_admin", "created_at", "updated_at", "phone", "phone_confirmed_at", "phone_change", "phone_change_token", "phone_change_sent_at", "email_change_token_current", "email_change_confirm_status", "banned_until", "reauthentication_token", "reauthentication_sent_at", "is_sso_user", "deleted_at", "is_anonymous") VALUES
	('00000000-0000-0000-0000-000000000000', 'fa34835b-2947-489a-8ef7-119898de3916', 'authenticated', 'authenticated', 'alfredo@example.com', '$2a$10$dvkSj.Ej4SLkSXLEyNfqPOLe.jGgCevaxHl3vDquUnoE3uyLrfsga', '2026-01-22 19:05:03.669264+00', NULL, '', NULL, '', NULL, '', '', NULL, '2026-01-22 19:10:37.809287+00', '{"provider": "email", "providers": ["email"]}', '{"email_verified": true}', NULL, '2026-01-22 19:05:03.647141+00', '2026-01-22 19:10:37.820842+00', NULL, NULL, '', '', NULL, '', 0, NULL, '', NULL, false, NULL, false),
	('00000000-0000-0000-0000-000000000000', 'd9c61b4e-da48-47d5-b189-e293884c7622', 'authenticated', 'authenticated', 'user@example.com', '$2a$10$Xl0QXgvlLxMpK5hdPsYupucOrD1ohOU.1PFic6a.Ra4vouK7q7Pbq', '2026-01-13 12:30:11.997782+00', NULL, '', NULL, '', NULL, '', '', NULL, '2026-01-22 19:11:45.997141+00', '{"provider": "email", "providers": ["email"]}', '{"email_verified": true}', NULL, '2026-01-13 12:30:11.979146+00', '2026-01-22 19:11:46.00336+00', NULL, NULL, '', '', NULL, '', 0, NULL, '', NULL, false, NULL, false);


INSERT INTO "auth"."identities" ("provider_id", "user_id", "identity_data", "provider", "last_sign_in_at", "created_at", "updated_at", "id") VALUES
	('d9c61b4e-da48-47d5-b189-e293884c7622', 'd9c61b4e-da48-47d5-b189-e293884c7622', '{"sub": "d9c61b4e-da48-47d5-b189-e293884c7622", "email": "user@example.com", "email_verified": false, "phone_verified": false}', 'email', '2026-01-13 12:30:11.987679+00', '2026-01-13 12:30:11.987729+00', '2026-01-13 12:30:11.987729+00', 'b5e34fd5-f515-4753-93c8-048a0cf8f495'),
	('fa34835b-2947-489a-8ef7-119898de3916', 'fa34835b-2947-489a-8ef7-119898de3916', '{"sub": "fa34835b-2947-489a-8ef7-119898de3916", "email": "alfredo@example.com", "email_verified": false, "phone_verified": false}', 'email', '2026-01-22 19:05:03.658811+00', '2026-01-22 19:05:03.658861+00', '2026-01-22 19:05:03.658861+00', '8bb0b792-59d8-4c2d-afec-eb284ffad421');

INSERT INTO "public"."profiles" ("id", "first_name", "last_name", "role", "nickname") VALUES
 ('d9c61b4e-da48-47d5-b189-e293884c7622', 'piero', null, 'admin', 'Master'), 
 ('fa34835b-2947-489a-8ef7-119898de3916', 'alfredo', null, 'user', 'Alfredo78');


INSERT INTO "public"."categories" ("id", "user_id", "name", "parent_id") VALUES ('1bbcc66a-99a0-460f-a06e-1e4ad185c2ee', 'fa34835b-2947-489a-8ef7-119898de3916', 'falafel', null), ('358fc168-133e-4e5b-980e-645b18fad42f', 'fa34835b-2947-489a-8ef7-119898de3916', 'brega', null), ('5608d241-2aea-450c-80c5-6f4b36439356', 'fa34835b-2947-489a-8ef7-119898de3916', 'mario', null), ('a7050eb3-2736-4ec5-9b84-d0dabb4d7d2a', 'd9c61b4e-da48-47d5-b189-e293884c7622', 'giangi', null), ('d982f9fa-167e-43e4-8ed6-1b2076229b9d', 'd9c61b4e-da48-47d5-b189-e293884c7622', 'genio', null);

